image_id,image_pair
ISIC_0059207.jpg,ISIC_0061742.jpg
ISIC_0061742.jpg,ISIC_0059207.jpg
ISIC_0069603.jpg,ISIC_0059207.jpg
ISIC_0071460.jpg,ISIC_0059207.jpg
ISIC_0032228.jpg,ISIC_0033598.jpg
ISIC_0033598.jpg,ISIC_0032228.jpg
ISIC_0053492.jpg,ISIC_0058418.jpg
ISIC_0054722.jpg,ISIC_0066965.jpg
ISIC_0058418.jpg,ISIC_0053492.jpg
ISIC_0064875.jpg,ISIC_0053492.jpg
ISIC_0066965.jpg,ISIC_0054722.jpg
ISIC_0070096.jpg,ISIC_0054722.jpg
ISIC_1858123.jpg,ISIC_2697895.jpg
ISIC_2697895.jpg,ISIC_1858123.jpg
ISIC_2808622.jpg,ISIC_0032228.jpg
ISIC_4007215.jpg,ISIC_4026569.jpg
ISIC_4026569.jpg,ISIC_4007215.jpg
ISIC_5935362.jpg,ISIC_1858123.jpg
ISIC_9030907.jpg,ISIC_4007215.jpg
ISIC_0000206_downsampled.jpg,ISIC_0014739_downsampled.jpg
ISIC_0000222.jpg,ISIC_0014846_downsampled.jpg
ISIC_0000519_downsampled.jpg,ISIC_0011295.jpg
ISIC_0011295.jpg,ISIC_0000519_downsampled.jpg
ISIC_0012127_downsampled.jpg,ISIC_0012970_downsampled.jpg
ISIC_0012290_downsampled.jpg,ISIC_0013594_downsampled.jpg
ISIC_0012523_downsampled.jpg,ISIC_6804655.jpg
ISIC_0012526_downsampled.jpg,ISIC_3575814.jpg
ISIC_0012547_downsampled.jpg,ISIC_7619041.jpg
ISIC_0012551_downsampled.jpg,ISIC_7311296.jpg
ISIC_0012756_downsampled.jpg,ISIC_0013184_downsampled.jpg
ISIC_0012887_downsampled.jpg,ISIC_0012989_downsampled.jpg
ISIC_0012970_downsampled.jpg,ISIC_0012127_downsampled.jpg
ISIC_0012989_downsampled.jpg,ISIC_0012887_downsampled.jpg
ISIC_0013109_downsampled.jpg,ISIC_0013163_downsampled.jpg
ISIC_0013163_downsampled.jpg,ISIC_0013109_downsampled.jpg
ISIC_0013184_downsampled.jpg,ISIC_0012756_downsampled.jpg
ISIC_0013594_downsampled.jpg,ISIC_0012290_downsampled.jpg
ISIC_0014289_downsampled.jpg,ISIC_7101732.jpg
ISIC_0014299_downsampled.jpg,ISIC_3403329.jpg
ISIC_0014331_downsampled.jpg,ISIC_2342769.jpg
ISIC_0014360_downsampled.jpg,ISIC_8325226.jpg
ISIC_0014369_downsampled.jpg,ISIC_0333091.jpg
ISIC_0014386_downsampled.jpg,ISIC_7833008.jpg
ISIC_0014409_downsampled.jpg,ISIC_1641637.jpg
ISIC_0014433_downsampled.jpg,ISIC_4432898.jpg
ISIC_0014516_downsampled.jpg,ISIC_1786309.jpg
ISIC_0014585_downsampled.jpg,ISIC_7167479.jpg
ISIC_0014739_downsampled.jpg,ISIC_0000206_downsampled.jpg
ISIC_0014846_downsampled.jpg,ISIC_0000222.jpg
ISIC_0016053_downsampled.jpg,ISIC_6847618.jpg
ISIC_0016071_downsampled.jpg,ISIC_5771994.jpg
ISIC_0024349.jpg,ISIC_0026126.jpg
ISIC_0024366.jpg,ISIC_0029861.jpg
ISIC_0024394.jpg,ISIC_0029516.jpg
ISIC_0024753.jpg,ISIC_0027519.jpg
ISIC_0024777.jpg,ISIC_0029938.jpg
ISIC_0024908.jpg,ISIC_0030079.jpg
ISIC_0024999.jpg,ISIC_0025512.jpg
ISIC_0025231.jpg,ISIC_0030065.jpg
ISIC_0025512.jpg,ISIC_0024999.jpg
ISIC_0026126.jpg,ISIC_0024349.jpg
ISIC_0026328.jpg,ISIC_0029334.jpg
ISIC_0026455.jpg,ISIC_0031839.jpg
ISIC_0026487.jpg,ISIC_0031984.jpg
ISIC_0027150.jpg,ISIC_0031631.jpg
ISIC_0027519.jpg,ISIC_0024753.jpg
ISIC_0027925.jpg,ISIC_0031917.jpg
ISIC_0028737.jpg,ISIC_0030057.jpg
ISIC_0028960.jpg,ISIC_0031541.jpg
ISIC_0029334.jpg,ISIC_0026328.jpg
ISIC_0029516.jpg,ISIC_0024394.jpg
ISIC_0029861.jpg,ISIC_0024366.jpg
ISIC_0029938.jpg,ISIC_0024777.jpg
ISIC_0030057.jpg,ISIC_0028737.jpg
ISIC_0030065.jpg,ISIC_0025231.jpg
ISIC_0030079.jpg,ISIC_0024908.jpg
ISIC_0030367.jpg,ISIC_0031905.jpg
ISIC_0030444.jpg,ISIC_0030973.jpg
ISIC_0030513.jpg,ISIC_0688622.jpg
ISIC_0030654.jpg,ISIC_0031621.jpg
ISIC_0030973.jpg,ISIC_0030444.jpg
ISIC_0031541.jpg,ISIC_0028960.jpg
ISIC_0031621.jpg,ISIC_0030654.jpg
ISIC_0031631.jpg,ISIC_0027150.jpg
ISIC_0031839.jpg,ISIC_0026455.jpg
ISIC_0031896.jpg,ISIC_0032242.jpg
ISIC_0031905.jpg,ISIC_0030367.jpg
ISIC_0031917.jpg,ISIC_0027925.jpg
ISIC_0031984.jpg,ISIC_0026487.jpg
ISIC_0032242.jpg,ISIC_0031896.jpg
ISIC_0032336.jpg,ISIC_9125216.jpg
ISIC_0033743.jpg,ISIC_1356715.jpg
ISIC_0053738.jpg,ISIC_0073198.jpg
ISIC_0053812.jpg,ISIC_0071101.jpg
ISIC_0054023.jpg,ISIC_0064545.jpg
ISIC_0054074.jpg,ISIC_0071589.jpg
ISIC_0054075.jpg,ISIC_0061861.jpg
ISIC_0054105.jpg,ISIC_0056357.jpg
ISIC_0054113.jpg,ISIC_0070345.jpg
ISIC_0054118.jpg,ISIC_0056756.jpg
ISIC_0054334.jpg,ISIC_0056130.jpg
ISIC_0054673.jpg,ISIC_0068975.jpg
ISIC_0054704.jpg,ISIC_0071896.jpg
ISIC_0054763.jpg,ISIC_0054802.jpg
ISIC_0054792.jpg,ISIC_0072272.jpg
ISIC_0054802.jpg,ISIC_0054763.jpg
ISIC_0054911.jpg,ISIC_0062368.jpg
ISIC_0054986.jpg,ISIC_0067341.jpg
ISIC_0055155.jpg,ISIC_0072036.jpg
ISIC_0055395.jpg,ISIC_0057145.jpg
ISIC_0055459.jpg,ISIC_0058660.jpg
ISIC_0055541.jpg,ISIC_0072938.jpg
ISIC_0055643.jpg,ISIC_0065417.jpg
ISIC_0055961.jpg,ISIC_0061587.jpg
ISIC_0056130.jpg,ISIC_0054334.jpg
ISIC_0056301.jpg,ISIC_0066104.jpg
ISIC_0056357.jpg,ISIC_0054105.jpg
ISIC_0056728.jpg,ISIC_0068343.jpg
ISIC_0056756.jpg,ISIC_0054118.jpg
ISIC_0056850.jpg,ISIC_0067024.jpg
ISIC_0056991.jpg,ISIC_0071778.jpg
ISIC_0057051.jpg,ISIC_0066220.jpg
ISIC_0057145.jpg,ISIC_0055395.jpg
ISIC_0057272.jpg,ISIC_0072042.jpg
ISIC_0057477.jpg,ISIC_0061307.jpg
ISIC_0058660.jpg,ISIC_0055459.jpg
ISIC_0058767.jpg,ISIC_0060120.jpg
ISIC_0058770.jpg,ISIC_0073173.jpg
ISIC_0059011.jpg,ISIC_0060857.jpg
ISIC_0059070.jpg,ISIC_0060642.jpg
ISIC_0059220.jpg,ISIC_0070154.jpg
ISIC_0059354.jpg,ISIC_0071855.jpg
ISIC_0059661.jpg,ISIC_0066326.jpg
ISIC_0060116.jpg,ISIC_0068354.jpg
ISIC_0060120.jpg,ISIC_0058767.jpg
ISIC_0060482.jpg,ISIC_0062371.jpg
ISIC_0060606.jpg,ISIC_0062094.jpg
ISIC_0060622.jpg,ISIC_0068856.jpg
ISIC_0060639.jpg,ISIC_0069079.jpg
ISIC_0060642.jpg,ISIC_0059070.jpg
ISIC_0060857.jpg,ISIC_0059011.jpg
ISIC_0060997.jpg,ISIC_0072076.jpg
ISIC_0061089.jpg,ISIC_0068249.jpg
ISIC_0061121.jpg,ISIC_0062609.jpg
ISIC_0061307.jpg,ISIC_0057477.jpg
ISIC_0061391.jpg,ISIC_0069118.jpg
ISIC_0061410.jpg,ISIC_0067061.jpg
ISIC_0061437.jpg,ISIC_0063677.jpg
ISIC_0061587.jpg,ISIC_0055961.jpg
ISIC_0061710.jpg,ISIC_0073018.jpg
ISIC_0061802.jpg,ISIC_0073100.jpg
ISIC_0061861.jpg,ISIC_0054075.jpg
ISIC_0061868.jpg,ISIC_0067297.jpg
ISIC_0061883.jpg,ISIC_0065885.jpg
ISIC_0061902.jpg,ISIC_0069588.jpg
ISIC_0062094.jpg,ISIC_0060606.jpg
ISIC_0062259.jpg,ISIC_0063226.jpg
ISIC_0062361.jpg,ISIC_0069849.jpg
ISIC_0062368.jpg,ISIC_0054911.jpg
ISIC_0062371.jpg,ISIC_0060482.jpg
ISIC_0062609.jpg,ISIC_0061121.jpg
ISIC_0062753.jpg,ISIC_0062768.jpg
ISIC_0062768.jpg,ISIC_0062753.jpg
ISIC_0062983.jpg,ISIC_0064339.jpg
ISIC_0063174.jpg,ISIC_0073143.jpg
ISIC_0063226.jpg,ISIC_0062259.jpg
ISIC_0063251.jpg,ISIC_0071911.jpg
ISIC_0063304.jpg,ISIC_0064285.jpg
ISIC_0063416.jpg,ISIC_0065589.jpg
ISIC_0063659.jpg,ISIC_0071073.jpg
ISIC_0063677.jpg,ISIC_0061437.jpg
ISIC_0063744.jpg,ISIC_0067883.jpg
ISIC_0064007.jpg,ISIC_0071850.jpg
ISIC_0064285.jpg,ISIC_0063304.jpg
ISIC_0064300.jpg,ISIC_0066115.jpg
ISIC_0064339.jpg,ISIC_0062983.jpg
ISIC_0064493.jpg,ISIC_0069439.jpg
ISIC_0064545.jpg,ISIC_0054023.jpg
ISIC_0064670.jpg,ISIC_0072410.jpg
ISIC_0065140.jpg,ISIC_0072994.jpg
ISIC_0065417.jpg,ISIC_0055643.jpg
ISIC_0065588.jpg,ISIC_0065639.jpg
ISIC_0065589.jpg,ISIC_0063416.jpg
ISIC_0065639.jpg,ISIC_0065588.jpg
ISIC_0065795.jpg,ISIC_0072170.jpg
ISIC_0065885.jpg,ISIC_0061883.jpg
ISIC_0066104.jpg,ISIC_0056301.jpg
ISIC_0066115.jpg,ISIC_0064300.jpg
ISIC_0066220.jpg,ISIC_0057051.jpg
ISIC_0066326.jpg,ISIC_0059661.jpg
ISIC_0066634.jpg,ISIC_0067608.jpg
ISIC_0067024.jpg,ISIC_0056850.jpg
ISIC_0067061.jpg,ISIC_0061410.jpg
ISIC_0067297.jpg,ISIC_0061868.jpg
ISIC_0067341.jpg,ISIC_0054986.jpg
ISIC_0067502.jpg,ISIC_0067980.jpg
ISIC_0067608.jpg,ISIC_0066634.jpg
ISIC_0067776.jpg,ISIC_0069514.jpg
ISIC_0067799.jpg,ISIC_0071186.jpg
ISIC_0067883.jpg,ISIC_0063744.jpg
ISIC_0067980.jpg,ISIC_0067502.jpg
ISIC_0068249.jpg,ISIC_0061089.jpg
ISIC_0068343.jpg,ISIC_0056728.jpg
ISIC_0068354.jpg,ISIC_0060116.jpg
ISIC_0068389.jpg,ISIC_0068516.jpg
ISIC_0068516.jpg,ISIC_0068389.jpg
ISIC_0068856.jpg,ISIC_0060622.jpg
ISIC_0068975.jpg,ISIC_0054673.jpg
ISIC_0069013.jpg,ISIC_0071017.jpg
ISIC_0069079.jpg,ISIC_0060639.jpg
ISIC_0069118.jpg,ISIC_0061391.jpg
ISIC_0069439.jpg,ISIC_0064493.jpg
ISIC_0069514.jpg,ISIC_0067776.jpg
ISIC_0069588.jpg,ISIC_0061902.jpg
ISIC_0069849.jpg,ISIC_0062361.jpg
ISIC_0070154.jpg,ISIC_0059220.jpg
ISIC_0070345.jpg,ISIC_0054113.jpg
ISIC_0070713.jpg,ISIC_0071606.jpg
ISIC_0071017.jpg,ISIC_0069013.jpg
ISIC_0071073.jpg,ISIC_0063659.jpg
ISIC_0071101.jpg,ISIC_0053812.jpg
ISIC_0071186.jpg,ISIC_0067799.jpg
ISIC_0071589.jpg,ISIC_0054074.jpg
ISIC_0071606.jpg,ISIC_0070713.jpg
ISIC_0071778.jpg,ISIC_0056991.jpg
ISIC_0071850.jpg,ISIC_0064007.jpg
ISIC_0071855.jpg,ISIC_0059354.jpg
ISIC_0071896.jpg,ISIC_0054704.jpg
ISIC_0071911.jpg,ISIC_0063251.jpg
ISIC_0072036.jpg,ISIC_0055155.jpg
ISIC_0072042.jpg,ISIC_0057272.jpg
ISIC_0072076.jpg,ISIC_0060997.jpg
ISIC_0072170.jpg,ISIC_0065795.jpg
ISIC_0072272.jpg,ISIC_0054792.jpg
ISIC_0072410.jpg,ISIC_0064670.jpg
ISIC_0072938.jpg,ISIC_0055541.jpg
ISIC_0072994.jpg,ISIC_0065140.jpg
ISIC_0073018.jpg,ISIC_0061710.jpg
ISIC_0073100.jpg,ISIC_0061802.jpg
ISIC_0073143.jpg,ISIC_0063174.jpg
ISIC_0073173.jpg,ISIC_0058770.jpg
ISIC_0073198.jpg,ISIC_0053738.jpg
ISIC_0079038.jpg,ISIC_8521950.jpg
ISIC_0087297.jpg,ISIC_4755972.jpg
ISIC_0088137.jpg,ISIC_4201955.jpg
ISIC_0112097.jpg,ISIC_5934021.jpg
ISIC_0148783.jpg,ISIC_7460560.jpg
ISIC_0149568.jpg,ISIC_9022005.jpg
ISIC_0157530.jpg,ISIC_3986853.jpg
ISIC_0170636.jpg,ISIC_7180096.jpg
ISIC_0184944.jpg,ISIC_2283336.jpg
ISIC_0188415.jpg,ISIC_9626241.jpg
ISIC_0192490.jpg,ISIC_5956536.jpg
ISIC_0196945.jpg,ISIC_8108340.jpg
ISIC_0207209.jpg,ISIC_2961141.jpg
ISIC_0213336.jpg,ISIC_7923858.jpg
ISIC_0229600.jpg,ISIC_1192253.jpg
ISIC_0238002.jpg,ISIC_6602795.jpg
ISIC_0238871.jpg,ISIC_0865887.jpg
ISIC_0240628.jpg,ISIC_9361467.jpg
ISIC_0254686.jpg,ISIC_7838687.jpg
ISIC_0268703.jpg,ISIC_9603598.jpg
ISIC_0277354.jpg,ISIC_4436810.jpg
ISIC_0292158.jpg,ISIC_8284364.jpg
ISIC_0308133.jpg,ISIC_7456073.jpg
ISIC_0313653.jpg,ISIC_1661411.jpg
ISIC_0316025.jpg,ISIC_0378118.jpg
ISIC_0333091.jpg,ISIC_0014369_downsampled.jpg
ISIC_0337921.jpg,ISIC_4364169.jpg
ISIC_0358326.jpg,ISIC_4745049.jpg
ISIC_0363130.jpg,ISIC_2750577.jpg
ISIC_0367225.jpg,ISIC_8469351.jpg
ISIC_0370932.jpg,ISIC_9391954.jpg
ISIC_0378118.jpg,ISIC_0316025.jpg
ISIC_0385633.jpg,ISIC_3707449.jpg
ISIC_0386664.jpg,ISIC_1922645.jpg
ISIC_0401116.jpg,ISIC_0467724.jpg
ISIC_0409276.jpg,ISIC_7861914.jpg
ISIC_0412659.jpg,ISIC_4792222.jpg
ISIC_0434354.jpg,ISIC_0707446.jpg
ISIC_0437284.jpg,ISIC_7226080.jpg
ISIC_0441886.jpg,ISIC_9618840.jpg
ISIC_0449983.jpg,ISIC_3988396.jpg
ISIC_0467724.jpg,ISIC_0401116.jpg
ISIC_0481059.jpg,ISIC_5484776.jpg
ISIC_0481910.jpg,ISIC_5889146.jpg
ISIC_0485815.jpg,ISIC_2619603.jpg
ISIC_0494257.jpg,ISIC_2783475.jpg
ISIC_0512155.jpg,ISIC_7167788.jpg
ISIC_0516613.jpg,ISIC_3452266.jpg
ISIC_0523031.jpg,ISIC_3417128.jpg
ISIC_0535654.jpg,ISIC_1368313.jpg
ISIC_0544886.jpg,ISIC_2127378.jpg
ISIC_0558485.jpg,ISIC_8195031.jpg
ISIC_0573666.jpg,ISIC_1702152.jpg
ISIC_0586680.jpg,ISIC_2828001.jpg
ISIC_0586782.jpg,ISIC_8732572.jpg
ISIC_0589744.jpg,ISIC_4939916.jpg
ISIC_0604088.jpg,ISIC_6346327.jpg
ISIC_0608625.jpg,ISIC_2329149.jpg
ISIC_0614271.jpg,ISIC_6551180.jpg
ISIC_0641973.jpg,ISIC_4279689.jpg
ISIC_0658225.jpg,ISIC_6907218.jpg
ISIC_0659540.jpg,ISIC_3301909.jpg
ISIC_0675028.jpg,ISIC_5819728.jpg
ISIC_0680210.jpg,ISIC_7984646.jpg
ISIC_0688622.jpg,ISIC_0030513.jpg
ISIC_0694559.jpg,ISIC_2210577.jpg
ISIC_0707446.jpg,ISIC_0434354.jpg
ISIC_0720915.jpg,ISIC_9005542.jpg
ISIC_0721819.jpg,ISIC_8317513.jpg
ISIC_0723505.jpg,ISIC_9012331.jpg
ISIC_0733140.jpg,ISIC_3173348.jpg
ISIC_0738443.jpg,ISIC_4254744.jpg
ISIC_0754561.jpg,ISIC_8379578.jpg
ISIC_0758009.jpg,ISIC_6892485.jpg
ISIC_0761049.jpg,ISIC_3046930.jpg
ISIC_0786170.jpg,ISIC_9551410.jpg
ISIC_0789732.jpg,ISIC_8303710.jpg
ISIC_0822116.jpg,ISIC_7140537.jpg
ISIC_0825113.jpg,ISIC_4390848.jpg
ISIC_0856856.jpg,ISIC_2000346.jpg
ISIC_0865887.jpg,ISIC_0238871.jpg
ISIC_0873114.jpg,ISIC_8773962.jpg
ISIC_0873571.jpg,ISIC_3058615.jpg
ISIC_0876992.jpg,ISIC_4514446.jpg
ISIC_0878793.jpg,ISIC_7160845.jpg
ISIC_0884576.jpg,ISIC_9403292.jpg
ISIC_0919271.jpg,ISIC_1918077.jpg
ISIC_0956562.jpg,ISIC_4528262.jpg
ISIC_0981657.jpg,ISIC_7109227.jpg
ISIC_0983569.jpg,ISIC_1876409.jpg
ISIC_1003703.jpg,ISIC_8792040.jpg
ISIC_1011754.jpg,ISIC_6892199.jpg
ISIC_1017015.jpg,ISIC_5743527.jpg
ISIC_1020608.jpg,ISIC_9740764.jpg
ISIC_1021883.jpg,ISIC_9651608.jpg
ISIC_1026239.jpg,ISIC_6233631.jpg
ISIC_1062359.jpg,ISIC_1514098.jpg
ISIC_1087367.jpg,ISIC_3695494.jpg
ISIC_1087658.jpg,ISIC_7102070.jpg
ISIC_1091253.jpg,ISIC_9325527.jpg
ISIC_1096503.jpg,ISIC_2977718.jpg
ISIC_1104762.jpg,ISIC_6691662.jpg
ISIC_1122727.jpg,ISIC_6968835.jpg
ISIC_1174073.jpg,ISIC_4003722.jpg
ISIC_1182624.jpg,ISIC_2037182.jpg
ISIC_1188141.jpg,ISIC_6351451.jpg
ISIC_1192253.jpg,ISIC_0229600.jpg
ISIC_1196752.jpg,ISIC_9750885.jpg
ISIC_1199920.jpg,ISIC_1971370.jpg
ISIC_1200790.jpg,ISIC_8849520.jpg
ISIC_1224295.jpg,ISIC_7111646.jpg
ISIC_1245414.jpg,ISIC_8686962.jpg
ISIC_1252029.jpg,ISIC_2735754.jpg
ISIC_1252797.jpg,ISIC_2744850.jpg
ISIC_1252871.jpg,ISIC_2380958.jpg
ISIC_1264914.jpg,ISIC_2541572.jpg
ISIC_1270351.jpg,ISIC_7205493.jpg
ISIC_1277620.jpg,ISIC_6708074.jpg
ISIC_1300006.jpg,ISIC_9126974.jpg
ISIC_1301591.jpg,ISIC_8645633.jpg
ISIC_1302264.jpg,ISIC_1450273.jpg
ISIC_1308177.jpg,ISIC_4069633.jpg
ISIC_1309015.jpg,ISIC_8170849.jpg
ISIC_1312208.jpg,ISIC_2749059.jpg
ISIC_1323427.jpg,ISIC_6051951.jpg
ISIC_1323471.jpg,ISIC_6140773.jpg
ISIC_1350659.jpg,ISIC_8194371.jpg
ISIC_1356715.jpg,ISIC_0033743.jpg
ISIC_1358757.jpg,ISIC_4608323.jpg
ISIC_1368313.jpg,ISIC_0535654.jpg
ISIC_1370034.jpg,ISIC_8066993.jpg
ISIC_1376528.jpg,ISIC_1976244.jpg
ISIC_1388230.jpg,ISIC_7713545.jpg
ISIC_1388984.jpg,ISIC_7343798.jpg
ISIC_1392702.jpg,ISIC_5006118.jpg
ISIC_1410153.jpg,ISIC_5950041.jpg
ISIC_1429159.jpg,ISIC_9494744.jpg
ISIC_1435944.jpg,ISIC_6284623.jpg
ISIC_1450273.jpg,ISIC_1302264.jpg
ISIC_1486589.jpg,ISIC_5706192.jpg
ISIC_1487601.jpg,ISIC_3728659.jpg
ISIC_1514098.jpg,ISIC_1062359.jpg
ISIC_1548638.jpg,ISIC_5482648.jpg
ISIC_1561091.jpg,ISIC_5348855.jpg
ISIC_1570580.jpg,ISIC_5889165.jpg
ISIC_1578998.jpg,ISIC_4139260.jpg
ISIC_1594422.jpg,ISIC_2449313.jpg
ISIC_1595658.jpg,ISIC_8720514.jpg
ISIC_1601244.jpg,ISIC_6373822.jpg
ISIC_1617896.jpg,ISIC_3685955.jpg
ISIC_1621479.jpg,ISIC_7472836.jpg
ISIC_1641637.jpg,ISIC_0014409_downsampled.jpg
ISIC_1642492.jpg,ISIC_8776686.jpg
ISIC_1661411.jpg,ISIC_0313653.jpg
ISIC_1664534.jpg,ISIC_4176335.jpg
ISIC_1670106.jpg,ISIC_2467082.jpg
ISIC_1687584.jpg,ISIC_6847965.jpg
ISIC_1702152.jpg,ISIC_0573666.jpg
ISIC_1747417.jpg,ISIC_9308284.jpg
ISIC_1767420.jpg,ISIC_8459547.jpg
ISIC_1768243.jpg,ISIC_6114220.jpg
ISIC_1786309.jpg,ISIC_0014516_downsampled.jpg
ISIC_1798471.jpg,ISIC_4761335.jpg
ISIC_1807638.jpg,ISIC_3221265.jpg
ISIC_1813445.jpg,ISIC_8679617.jpg
ISIC_1828652.jpg,ISIC_3099012.jpg
ISIC_1830017.jpg,ISIC_2990155.jpg
ISIC_1836352.jpg,ISIC_7165533.jpg
ISIC_1862506.jpg,ISIC_2676318.jpg
ISIC_1864719.jpg,ISIC_3052085.jpg
ISIC_1876409.jpg,ISIC_0983569.jpg
ISIC_1880757.jpg,ISIC_3879233.jpg
ISIC_1884038.jpg,ISIC_8615081.jpg
ISIC_1899936.jpg,ISIC_2901951.jpg
ISIC_1910158.jpg,ISIC_4111637.jpg
ISIC_1918077.jpg,ISIC_0919271.jpg
ISIC_1922645.jpg,ISIC_0386664.jpg
ISIC_1944865.jpg,ISIC_5153482.jpg
ISIC_1946709.jpg,ISIC_9086604.jpg
ISIC_1957989.jpg,ISIC_8577332.jpg
ISIC_1971254.jpg,ISIC_3692019.jpg
ISIC_1971370.jpg,ISIC_1199920.jpg
ISIC_1976244.jpg,ISIC_1376528.jpg
ISIC_1979109.jpg,ISIC_9933282.jpg
ISIC_2000346.jpg,ISIC_0856856.jpg
ISIC_2010700.jpg,ISIC_4244870.jpg
ISIC_2033106.jpg,ISIC_8022865.jpg
ISIC_2037182.jpg,ISIC_1182624.jpg
ISIC_2064084.jpg,ISIC_3858181.jpg
ISIC_2071774.jpg,ISIC_6357263.jpg
ISIC_2072308.jpg,ISIC_8119091.jpg
ISIC_2074396.jpg,ISIC_8689583.jpg
ISIC_2079121.jpg,ISIC_2934051.jpg
ISIC_2081142.jpg,ISIC_3689759.jpg
ISIC_2094324.jpg,ISIC_6223989.jpg
ISIC_2122087.jpg,ISIC_2974557.jpg
ISIC_2127378.jpg,ISIC_0544886.jpg
ISIC_2129639.jpg,ISIC_9913667.jpg
ISIC_2138357.jpg,ISIC_5097912.jpg
ISIC_2147342.jpg,ISIC_4156689.jpg
ISIC_2148640.jpg,ISIC_5315726.jpg
ISIC_2155673.jpg,ISIC_2948347.jpg
ISIC_2157630.jpg,ISIC_3832239.jpg
ISIC_2171314.jpg,ISIC_5791131.jpg
ISIC_2198865.jpg,ISIC_2928274.jpg
ISIC_2210577.jpg,ISIC_0694559.jpg
ISIC_2217550.jpg,ISIC_3024903.jpg
ISIC_2247168.jpg,ISIC_7671251.jpg
ISIC_2275821.jpg,ISIC_6477752.jpg
ISIC_2279329.jpg,ISIC_6046224.jpg
ISIC_2280429.jpg,ISIC_6326803.jpg
ISIC_2283336.jpg,ISIC_0184944.jpg
ISIC_2287083.jpg,ISIC_3772694.jpg
ISIC_2315560.jpg,ISIC_7365239.jpg
ISIC_2329149.jpg,ISIC_0608625.jpg
ISIC_2342769.jpg,ISIC_0014331_downsampled.jpg
ISIC_2351242.jpg,ISIC_3432199.jpg
ISIC_2362404.jpg,ISIC_8080124.jpg
ISIC_2365225.jpg,ISIC_8152273.jpg
ISIC_2369986.jpg,ISIC_5539025.jpg
ISIC_2372032.jpg,ISIC_8470235.jpg
ISIC_2377292.jpg,ISIC_8174968.jpg
ISIC_2380958.jpg,ISIC_1252871.jpg
ISIC_2398131.jpg,ISIC_3466769.jpg
ISIC_2402717.jpg,ISIC_7517491.jpg
ISIC_2406262.jpg,ISIC_9393085.jpg
ISIC_2412805.jpg,ISIC_8579259.jpg
ISIC_2449313.jpg,ISIC_1594422.jpg
ISIC_2462485.jpg,ISIC_9800424.jpg
ISIC_2467082.jpg,ISIC_1670106.jpg
ISIC_2476092.jpg,ISIC_3288311.jpg
ISIC_2490481.jpg,ISIC_8373132.jpg
ISIC_2496831.jpg,ISIC_9540109.jpg
ISIC_2500008.jpg,ISIC_7399986.jpg
ISIC_2526675.jpg,ISIC_7743266.jpg
ISIC_2537370.jpg,ISIC_4957778.jpg
ISIC_2541572.jpg,ISIC_1264914.jpg
ISIC_2564952.jpg,ISIC_4494444.jpg
ISIC_2568374.jpg,ISIC_8206325.jpg
ISIC_2607827.jpg,ISIC_9967383.jpg
ISIC_2613323.jpg,ISIC_5134680.jpg
ISIC_2619603.jpg,ISIC_0485815.jpg
ISIC_2628773.jpg,ISIC_6126056.jpg
ISIC_2636012.jpg,ISIC_9917477.jpg
ISIC_2638179.jpg,ISIC_3421249.jpg
ISIC_2645159.jpg,ISIC_5503347.jpg
ISIC_2652786.jpg,ISIC_5163257.jpg
ISIC_2676318.jpg,ISIC_1862506.jpg
ISIC_2718135.jpg,ISIC_9409255.jpg
ISIC_2730170.jpg,ISIC_7142856.jpg
ISIC_2735754.jpg,ISIC_1252029.jpg
ISIC_2741583.jpg,ISIC_4261232.jpg
ISIC_2744850.jpg,ISIC_1252797.jpg
ISIC_2746974.jpg,ISIC_6627237.jpg
ISIC_2748736.jpg,ISIC_5481688.jpg
ISIC_2749059.jpg,ISIC_1312208.jpg
ISIC_2750577.jpg,ISIC_0363130.jpg
ISIC_2754949.jpg,ISIC_5300278.jpg
ISIC_2778131.jpg,ISIC_3730764.jpg
ISIC_2783475.jpg,ISIC_0494257.jpg
ISIC_2783541.jpg,ISIC_4585386.jpg
ISIC_2783810.jpg,ISIC_4945584.jpg
ISIC_2787700.jpg,ISIC_5208963.jpg
ISIC_2792248.jpg,ISIC_9165411.jpg
ISIC_2827098.jpg,ISIC_8952594.jpg
ISIC_2828001.jpg,ISIC_0586680.jpg
ISIC_2850155.jpg,ISIC_8546599.jpg
ISIC_2853222.jpg,ISIC_9348399.jpg
ISIC_2885796.jpg,ISIC_9216956.jpg
ISIC_2887033.jpg,ISIC_5194874.jpg
ISIC_2896341.jpg,ISIC_7991946.jpg
ISIC_2901951.jpg,ISIC_1899936.jpg
ISIC_2906792.jpg,ISIC_9707207.jpg
ISIC_2928274.jpg,ISIC_2198865.jpg
ISIC_2934051.jpg,ISIC_2079121.jpg
ISIC_2939330.jpg,ISIC_7844482.jpg
ISIC_2948347.jpg,ISIC_2155673.jpg
ISIC_2961141.jpg,ISIC_0207209.jpg
ISIC_2963172.jpg,ISIC_3181638.jpg
ISIC_2969557.jpg,ISIC_3420207.jpg
ISIC_2974557.jpg,ISIC_2122087.jpg
ISIC_2977718.jpg,ISIC_1096503.jpg
ISIC_2986014.jpg,ISIC_8428997.jpg
ISIC_2988832.jpg,ISIC_3812485.jpg
ISIC_2990155.jpg,ISIC_1830017.jpg
ISIC_3021496.jpg,ISIC_9538929.jpg
ISIC_3024903.jpg,ISIC_2217550.jpg
ISIC_3042182.jpg,ISIC_4403411.jpg
ISIC_3046930.jpg,ISIC_0761049.jpg
ISIC_3052085.jpg,ISIC_1864719.jpg
ISIC_3058615.jpg,ISIC_0873571.jpg
ISIC_3062039.jpg,ISIC_3734497.jpg
ISIC_3063649.jpg,ISIC_8781281.jpg
ISIC_3086575.jpg,ISIC_7577778.jpg
ISIC_3087433.jpg,ISIC_3515230.jpg
ISIC_3099012.jpg,ISIC_1828652.jpg
ISIC_3114110.jpg,ISIC_3375455.jpg
ISIC_3136397.jpg,ISIC_6793721.jpg
ISIC_3141912.jpg,ISIC_7557922.jpg
ISIC_3142779.jpg,ISIC_5006891.jpg
ISIC_3170397.jpg,ISIC_4627348.jpg
ISIC_3173348.jpg,ISIC_0733140.jpg
ISIC_3181638.jpg,ISIC_2963172.jpg
ISIC_3218501.jpg,ISIC_7718526.jpg
ISIC_3221265.jpg,ISIC_1807638.jpg
ISIC_3226731.jpg,ISIC_4479651.jpg
ISIC_3228446.jpg,ISIC_4024877.jpg
ISIC_3236964.jpg,ISIC_3562579.jpg
ISIC_3272526.jpg,ISIC_3299506.jpg
ISIC_3275538.jpg,ISIC_6658067.jpg
ISIC_3288311.jpg,ISIC_2476092.jpg
ISIC_3289574.jpg,ISIC_3358528.jpg
ISIC_3299506.jpg,ISIC_3272526.jpg
ISIC_3301909.jpg,ISIC_0659540.jpg
ISIC_3355691.jpg,ISIC_4112692.jpg
ISIC_3358528.jpg,ISIC_3289574.jpg
ISIC_3368733.jpg,ISIC_5299304.jpg
ISIC_3375455.jpg,ISIC_3114110.jpg
ISIC_3385140.jpg,ISIC_4053989.jpg
ISIC_3397468.jpg,ISIC_4433244.jpg
ISIC_3403329.jpg,ISIC_0014299_downsampled.jpg
ISIC_3406319.jpg,ISIC_5410451.jpg
ISIC_3406334.jpg,ISIC_9787320.jpg
ISIC_3417128.jpg,ISIC_0523031.jpg
ISIC_3420207.jpg,ISIC_2969557.jpg
ISIC_3421249.jpg,ISIC_2638179.jpg
ISIC_3425831.jpg,ISIC_7685852.jpg
ISIC_3428694.jpg,ISIC_6374961.jpg
ISIC_3432199.jpg,ISIC_2351242.jpg
ISIC_3434494.jpg,ISIC_8080521.jpg
ISIC_3452266.jpg,ISIC_0516613.jpg
ISIC_3456673.jpg,ISIC_5123837.jpg
ISIC_3461423.jpg,ISIC_4364740.jpg
ISIC_3466769.jpg,ISIC_2398131.jpg
ISIC_3515230.jpg,ISIC_3087433.jpg
ISIC_3520750.jpg,ISIC_9639348.jpg
ISIC_3523476.jpg,ISIC_8913110.jpg
ISIC_3526268.jpg,ISIC_3791309.jpg
ISIC_3552016.jpg,ISIC_9055955.jpg
ISIC_3562579.jpg,ISIC_3236964.jpg
ISIC_3575814.jpg,ISIC_0012526_downsampled.jpg
ISIC_3583880.jpg,ISIC_9788955.jpg
ISIC_3586262.jpg,ISIC_5464050.jpg
ISIC_3591045.jpg,ISIC_8636706.jpg
ISIC_3625016.jpg,ISIC_7759394.jpg
ISIC_3638162.jpg,ISIC_7967955.jpg
ISIC_3640401.jpg,ISIC_6091765.jpg
ISIC_3660136.jpg,ISIC_3933828.jpg
ISIC_3671424.jpg,ISIC_7623050.jpg
ISIC_3685955.jpg,ISIC_1617896.jpg
ISIC_3686620.jpg,ISIC_8118124.jpg
ISIC_3689759.jpg,ISIC_2081142.jpg
ISIC_3692019.jpg,ISIC_1971254.jpg
ISIC_3695494.jpg,ISIC_1087367.jpg
ISIC_3707449.jpg,ISIC_0385633.jpg
ISIC_3708522.jpg,ISIC_9132088.jpg
ISIC_3728659.jpg,ISIC_1487601.jpg
ISIC_3730764.jpg,ISIC_2778131.jpg
ISIC_3734497.jpg,ISIC_3062039.jpg
ISIC_3737866.jpg,ISIC_5516928.jpg
ISIC_3757997.jpg,ISIC_6676883.jpg
ISIC_3761071.jpg,ISIC_9743052.jpg
ISIC_3772694.jpg,ISIC_2287083.jpg
ISIC_3791309.jpg,ISIC_3526268.jpg
ISIC_3809013.jpg,ISIC_5089423.jpg
ISIC_3812485.jpg,ISIC_2988832.jpg
ISIC_3832239.jpg,ISIC_2157630.jpg
ISIC_3840133.jpg,ISIC_7168301.jpg
ISIC_3844151.jpg,ISIC_4199686.jpg
ISIC_3858181.jpg,ISIC_2064084.jpg
ISIC_3863610.jpg,ISIC_7449104.jpg
ISIC_3871230.jpg,ISIC_6325512.jpg
ISIC_3879233.jpg,ISIC_1880757.jpg
ISIC_3882374.jpg,ISIC_8722181.jpg
ISIC_3911901.jpg,ISIC_7954289.jpg
ISIC_3915289.jpg,ISIC_8362891.jpg
ISIC_3927991.jpg,ISIC_9104012.jpg
ISIC_3933828.jpg,ISIC_3660136.jpg
ISIC_3945730.jpg,ISIC_5188723.jpg
ISIC_3980006.jpg,ISIC_9354947.jpg
ISIC_3986853.jpg,ISIC_0157530.jpg
ISIC_3988396.jpg,ISIC_0449983.jpg
ISIC_3998306.jpg,ISIC_4452819.jpg
ISIC_4003722.jpg,ISIC_1174073.jpg
ISIC_4024877.jpg,ISIC_3228446.jpg
ISIC_4046045.jpg,ISIC_6773312.jpg
ISIC_4050462.jpg,ISIC_8021069.jpg
ISIC_4053989.jpg,ISIC_3385140.jpg
ISIC_4063200.jpg,ISIC_8704672.jpg
ISIC_4064041.jpg,ISIC_8646115.jpg
ISIC_4066013.jpg,ISIC_4256214.jpg
ISIC_4066707.jpg,ISIC_8904924.jpg
ISIC_4069633.jpg,ISIC_1308177.jpg
ISIC_4071825.jpg,ISIC_4219607.jpg
ISIC_4111637.jpg,ISIC_1910158.jpg
ISIC_4112692.jpg,ISIC_3355691.jpg
ISIC_4127065.jpg,ISIC_7937250.jpg
ISIC_4138181.jpg,ISIC_9687464.jpg
ISIC_4139260.jpg,ISIC_1578998.jpg
ISIC_4155168.jpg,ISIC_4889721.jpg
ISIC_4156689.jpg,ISIC_2147342.jpg
ISIC_4159621.jpg,ISIC_9071511.jpg
ISIC_4161718.jpg,ISIC_7787763.jpg
ISIC_4176335.jpg,ISIC_1664534.jpg
ISIC_4192466.jpg,ISIC_7948818.jpg
ISIC_4199686.jpg,ISIC_3844151.jpg
ISIC_4201955.jpg,ISIC_0088137.jpg
ISIC_4219589.jpg,ISIC_4457587.jpg
ISIC_4219607.jpg,ISIC_4071825.jpg
ISIC_4226395.jpg,ISIC_8827615.jpg
ISIC_4242559.jpg,ISIC_7375608.jpg
ISIC_4244870.jpg,ISIC_2010700.jpg
ISIC_4249243.jpg,ISIC_4690191.jpg
ISIC_4254744.jpg,ISIC_0738443.jpg
ISIC_4256214.jpg,ISIC_4066013.jpg
ISIC_4261232.jpg,ISIC_2741583.jpg
ISIC_4267683.jpg,ISIC_6608938.jpg
ISIC_4279689.jpg,ISIC_0641973.jpg
ISIC_4327358.jpg,ISIC_8692556.jpg
ISIC_4343836.jpg,ISIC_8747435.jpg
ISIC_4344995.jpg,ISIC_9640245.jpg
ISIC_4364169.jpg,ISIC_0337921.jpg
ISIC_4364740.jpg,ISIC_3461423.jpg
ISIC_4373563.jpg,ISIC_6481497.jpg
ISIC_4389708.jpg,ISIC_6927916.jpg
ISIC_4390848.jpg,ISIC_0825113.jpg
ISIC_4397871.jpg,ISIC_5781274.jpg
ISIC_4403411.jpg,ISIC_3042182.jpg
ISIC_4432898.jpg,ISIC_0014433_downsampled.jpg
ISIC_4433244.jpg,ISIC_3397468.jpg
ISIC_4436810.jpg,ISIC_0277354.jpg
ISIC_4452819.jpg,ISIC_3998306.jpg
ISIC_4457587.jpg,ISIC_4219589.jpg
ISIC_4479651.jpg,ISIC_3226731.jpg
ISIC_4494444.jpg,ISIC_2564952.jpg
ISIC_4496665.jpg,ISIC_4941646.jpg
ISIC_4509525.jpg,ISIC_9493030.jpg
ISIC_4511841.jpg,ISIC_5920981.jpg
ISIC_4514446.jpg,ISIC_0876992.jpg
ISIC_4528262.jpg,ISIC_0956562.jpg
ISIC_4556458.jpg,ISIC_8776630.jpg
ISIC_4585386.jpg,ISIC_2783541.jpg
ISIC_4590786.jpg,ISIC_9133072.jpg
ISIC_4591526.jpg,ISIC_6625344.jpg
ISIC_4597011.jpg,ISIC_4691889.jpg
ISIC_4608323.jpg,ISIC_1358757.jpg
ISIC_4608393.jpg,ISIC_9578094.jpg
ISIC_4616221.jpg,ISIC_7449219.jpg
ISIC_4627348.jpg,ISIC_3170397.jpg
ISIC_4639468.jpg,ISIC_9018781.jpg
ISIC_4690191.jpg,ISIC_4249243.jpg
ISIC_4691889.jpg,ISIC_4597011.jpg
ISIC_4695567.jpg,ISIC_7948595.jpg
ISIC_4745049.jpg,ISIC_0358326.jpg
ISIC_4755972.jpg,ISIC_0087297.jpg
ISIC_4761335.jpg,ISIC_1798471.jpg
ISIC_4763017.jpg,ISIC_9553194.jpg
ISIC_4765961.jpg,ISIC_8829317.jpg
ISIC_4792222.jpg,ISIC_0412659.jpg
ISIC_4794573.jpg,ISIC_6875825.jpg
ISIC_4801098.jpg,ISIC_7891771.jpg
ISIC_4870936.jpg,ISIC_9674173.jpg
ISIC_4889721.jpg,ISIC_4155168.jpg
ISIC_4897895.jpg,ISIC_8490701.jpg
ISIC_4909229.jpg,ISIC_5614711.jpg
ISIC_4913284.jpg,ISIC_6385615.jpg
ISIC_4939916.jpg,ISIC_0589744.jpg
ISIC_4941646.jpg,ISIC_4496665.jpg
ISIC_4945584.jpg,ISIC_2783810.jpg
ISIC_4957778.jpg,ISIC_2537370.jpg
ISIC_4978474.jpg,ISIC_8407448.jpg
ISIC_5002041.jpg,ISIC_8629649.jpg
ISIC_5006118.jpg,ISIC_1392702.jpg
ISIC_5006891.jpg,ISIC_3142779.jpg
ISIC_5010197.jpg,ISIC_8963367.jpg
ISIC_5029146.jpg,ISIC_6984247.jpg
ISIC_5089423.jpg,ISIC_3809013.jpg
ISIC_5097912.jpg,ISIC_2138357.jpg
ISIC_5106545.jpg,ISIC_6784756.jpg
ISIC_5123837.jpg,ISIC_3456673.jpg
ISIC_5133804.jpg,ISIC_9763829.jpg
ISIC_5134680.jpg,ISIC_2613323.jpg
ISIC_5144150.jpg,ISIC_5520533.jpg
ISIC_5153482.jpg,ISIC_1944865.jpg
ISIC_5163257.jpg,ISIC_2652786.jpg
ISIC_5169650.jpg,ISIC_7385195.jpg
ISIC_5169849.jpg,ISIC_8285182.jpg
ISIC_5170323.jpg,ISIC_7480243.jpg
ISIC_5176105.jpg,ISIC_5407936.jpg
ISIC_5176419.jpg,ISIC_6003172.jpg
ISIC_5188723.jpg,ISIC_3945730.jpg
ISIC_5194874.jpg,ISIC_2887033.jpg
ISIC_5208963.jpg,ISIC_2787700.jpg
ISIC_5243831.jpg,ISIC_8333875.jpg
ISIC_5254803.jpg,ISIC_5765481.jpg
ISIC_5261611.jpg,ISIC_5470394.jpg
ISIC_5299304.jpg,ISIC_3368733.jpg
ISIC_5299786.jpg,ISIC_9147750.jpg
ISIC_5299821.jpg,ISIC_8758359.jpg
ISIC_5300278.jpg,ISIC_2754949.jpg
ISIC_5309300.jpg,ISIC_5640472.jpg
ISIC_5315726.jpg,ISIC_2148640.jpg
ISIC_5327000.jpg,ISIC_8559515.jpg
ISIC_5348855.jpg,ISIC_1561091.jpg
ISIC_5361965.jpg,ISIC_6402957.jpg
ISIC_5400342.jpg,ISIC_9067007.jpg
ISIC_5407936.jpg,ISIC_5176105.jpg
ISIC_5410451.jpg,ISIC_3406319.jpg
ISIC_5440360.jpg,ISIC_8558194.jpg
ISIC_5448850.jpg,ISIC_9881235.jpg
ISIC_5464050.jpg,ISIC_3586262.jpg
ISIC_5468989.jpg,ISIC_8789373.jpg
ISIC_5470394.jpg,ISIC_5261611.jpg
ISIC_5481688.jpg,ISIC_2748736.jpg
ISIC_5482648.jpg,ISIC_1548638.jpg
ISIC_5484086.jpg,ISIC_9910480.jpg
ISIC_5484776.jpg,ISIC_0481059.jpg
ISIC_5492174.jpg,ISIC_6705662.jpg
ISIC_5497851.jpg,ISIC_7811060.jpg
ISIC_5501375.jpg,ISIC_8560381.jpg
ISIC_5503347.jpg,ISIC_2645159.jpg
ISIC_5516928.jpg,ISIC_3737866.jpg
ISIC_5520533.jpg,ISIC_5144150.jpg
ISIC_5539025.jpg,ISIC_2369986.jpg
ISIC_5563844.jpg,ISIC_7437431.jpg
ISIC_5600160.jpg,ISIC_7631880.jpg
ISIC_5607452.jpg,ISIC_9952408.jpg
ISIC_5614711.jpg,ISIC_4909229.jpg
ISIC_5626944.jpg,ISIC_6254045.jpg
ISIC_5640472.jpg,ISIC_5309300.jpg
ISIC_5644962.jpg,ISIC_8667588.jpg
ISIC_5667469.jpg,ISIC_9279540.jpg
ISIC_5688274.jpg,ISIC_8375123.jpg
ISIC_5706192.jpg,ISIC_1486589.jpg
ISIC_5706663.jpg,ISIC_7089905.jpg
ISIC_5723510.jpg,ISIC_7005347.jpg
ISIC_5743527.jpg,ISIC_1017015.jpg
ISIC_5756962.jpg,ISIC_7241455.jpg
ISIC_5765481.jpg,ISIC_5254803.jpg
ISIC_5771994.jpg,ISIC_0016071_downsampled.jpg
ISIC_5778330.jpg,ISIC_9854376.jpg
ISIC_5781274.jpg,ISIC_4397871.jpg
ISIC_5791131.jpg,ISIC_2171314.jpg
ISIC_5819728.jpg,ISIC_0675028.jpg
ISIC_5846233.jpg,ISIC_5871888.jpg
ISIC_5871888.jpg,ISIC_5846233.jpg
ISIC_5873539.jpg,ISIC_7648129.jpg
ISIC_5889146.jpg,ISIC_0481910.jpg
ISIC_5889165.jpg,ISIC_1570580.jpg
ISIC_5892680.jpg,ISIC_8755969.jpg
ISIC_5920981.jpg,ISIC_4511841.jpg
ISIC_5922139.jpg,ISIC_6740634.jpg
ISIC_5934021.jpg,ISIC_0112097.jpg
ISIC_5941314.jpg,ISIC_8611845.jpg
ISIC_5944524.jpg,ISIC_8864036.jpg
ISIC_5950041.jpg,ISIC_1410153.jpg
ISIC_5956536.jpg,ISIC_0192490.jpg
ISIC_6003172.jpg,ISIC_5176419.jpg
ISIC_6046224.jpg,ISIC_2279329.jpg
ISIC_6051951.jpg,ISIC_1323427.jpg
ISIC_6063252.jpg,ISIC_7195645.jpg
ISIC_6068452.jpg,ISIC_8787826.jpg
ISIC_6080436.jpg,ISIC_8689811.jpg
ISIC_6091609.jpg,ISIC_9417600.jpg
ISIC_6091765.jpg,ISIC_3640401.jpg
ISIC_6114220.jpg,ISIC_1768243.jpg
ISIC_6126056.jpg,ISIC_2628773.jpg
ISIC_6140773.jpg,ISIC_1323471.jpg
ISIC_6151153.jpg,ISIC_8329627.jpg
ISIC_6174156.jpg,ISIC_8896474.jpg
ISIC_6204417.jpg,ISIC_8841833.jpg
ISIC_6223989.jpg,ISIC_2094324.jpg
ISIC_6233631.jpg,ISIC_1026239.jpg
ISIC_6254045.jpg,ISIC_5626944.jpg
ISIC_6270846.jpg,ISIC_7628257.jpg
ISIC_6284623.jpg,ISIC_1435944.jpg
ISIC_6284722.jpg,ISIC_8262759.jpg
ISIC_6304412.jpg,ISIC_8586909.jpg
ISIC_6325512.jpg,ISIC_3871230.jpg
ISIC_6326012.jpg,ISIC_7949203.jpg
ISIC_6326803.jpg,ISIC_2280429.jpg
ISIC_6346327.jpg,ISIC_0604088.jpg
ISIC_6351451.jpg,ISIC_1188141.jpg
ISIC_6352565.jpg,ISIC_6584579.jpg
ISIC_6357263.jpg,ISIC_2071774.jpg
ISIC_6363173.jpg,ISIC_9515321.jpg
ISIC_6373822.jpg,ISIC_1601244.jpg
ISIC_6374961.jpg,ISIC_3428694.jpg
ISIC_6385615.jpg,ISIC_4913284.jpg
ISIC_6402957.jpg,ISIC_5361965.jpg
ISIC_6413170.jpg,ISIC_8446269.jpg
ISIC_6450285.jpg,ISIC_6548307.jpg
ISIC_6477752.jpg,ISIC_2275821.jpg
ISIC_6481497.jpg,ISIC_4373563.jpg
ISIC_6548307.jpg,ISIC_6450285.jpg
ISIC_6551180.jpg,ISIC_0614271.jpg
ISIC_6584579.jpg,ISIC_6352565.jpg
ISIC_6597839.jpg,ISIC_7164076.jpg
ISIC_6600424.jpg,ISIC_9108776.jpg
ISIC_6602795.jpg,ISIC_0238002.jpg
ISIC_6608938.jpg,ISIC_4267683.jpg
ISIC_6619411.jpg,ISIC_7834330.jpg
ISIC_6625344.jpg,ISIC_4591526.jpg
ISIC_6627237.jpg,ISIC_2746974.jpg
ISIC_6658067.jpg,ISIC_3275538.jpg
ISIC_6676883.jpg,ISIC_3757997.jpg
ISIC_6689310.jpg,ISIC_7528783.jpg
ISIC_6691662.jpg,ISIC_1104762.jpg
ISIC_6696536.jpg,ISIC_6856100.jpg
ISIC_6705662.jpg,ISIC_5492174.jpg
ISIC_6708074.jpg,ISIC_1277620.jpg
ISIC_6721280.jpg,ISIC_8198814.jpg
ISIC_6740634.jpg,ISIC_5922139.jpg
ISIC_6770630.jpg,ISIC_9590080.jpg
ISIC_6773312.jpg,ISIC_4046045.jpg
ISIC_6784756.jpg,ISIC_5106545.jpg
ISIC_6793721.jpg,ISIC_3136397.jpg
ISIC_6804655.jpg,ISIC_0012523_downsampled.jpg
ISIC_6847618.jpg,ISIC_0016053_downsampled.jpg
ISIC_6847965.jpg,ISIC_1687584.jpg
ISIC_6856100.jpg,ISIC_6696536.jpg
ISIC_6875825.jpg,ISIC_4794573.jpg
ISIC_6892199.jpg,ISIC_1011754.jpg
ISIC_6892485.jpg,ISIC_0758009.jpg
ISIC_6907218.jpg,ISIC_0658225.jpg
ISIC_6927916.jpg,ISIC_4389708.jpg
ISIC_6954577.jpg,ISIC_7986935.jpg
ISIC_6968835.jpg,ISIC_1122727.jpg
ISIC_6984247.jpg,ISIC_5029146.jpg
ISIC_7005347.jpg,ISIC_5723510.jpg
ISIC_7070684.jpg,ISIC_9555291.jpg
ISIC_7079599.jpg,ISIC_9038898.jpg
ISIC_7089905.jpg,ISIC_5706663.jpg
ISIC_7101732.jpg,ISIC_0014289_downsampled.jpg
ISIC_7101810.jpg,ISIC_7629997.jpg
ISIC_7102070.jpg,ISIC_1087658.jpg
ISIC_7109227.jpg,ISIC_0981657.jpg
ISIC_7111646.jpg,ISIC_1224295.jpg
ISIC_7140537.jpg,ISIC_0822116.jpg
ISIC_7142856.jpg,ISIC_2730170.jpg
ISIC_7146294.jpg,ISIC_7311305.jpg
ISIC_7160845.jpg,ISIC_0878793.jpg
ISIC_7164076.jpg,ISIC_6597839.jpg
ISIC_7165533.jpg,ISIC_1836352.jpg
ISIC_7167479.jpg,ISIC_0014585_downsampled.jpg
ISIC_7167788.jpg,ISIC_0512155.jpg
ISIC_7168301.jpg,ISIC_3840133.jpg
ISIC_7180096.jpg,ISIC_0170636.jpg
ISIC_7195645.jpg,ISIC_6063252.jpg
ISIC_7205493.jpg,ISIC_1270351.jpg
ISIC_7226080.jpg,ISIC_0437284.jpg
ISIC_7241455.jpg,ISIC_5756962.jpg
ISIC_7266736.jpg,ISIC_9847428.jpg
ISIC_7302626.jpg,ISIC_8866758.jpg
ISIC_7307339.jpg,ISIC_8556150.jpg
ISIC_7311296.jpg,ISIC_0012551_downsampled.jpg
ISIC_7311305.jpg,ISIC_7146294.jpg
ISIC_7319304.jpg,ISIC_9083443.jpg
ISIC_7343798.jpg,ISIC_1388984.jpg
ISIC_7356589.jpg,ISIC_9199965.jpg
ISIC_7365239.jpg,ISIC_2315560.jpg
ISIC_7365445.jpg,ISIC_7791770.jpg
ISIC_7375608.jpg,ISIC_4242559.jpg
ISIC_7384382.jpg,ISIC_7486963.jpg
ISIC_7385195.jpg,ISIC_5169650.jpg
ISIC_7399986.jpg,ISIC_2500008.jpg
ISIC_7437431.jpg,ISIC_5563844.jpg
ISIC_7445800.jpg,ISIC_7733258.jpg
ISIC_7449104.jpg,ISIC_3863610.jpg
ISIC_7449219.jpg,ISIC_4616221.jpg
ISIC_7456073.jpg,ISIC_0308133.jpg
ISIC_7460560.jpg,ISIC_0148783.jpg
ISIC_7472836.jpg,ISIC_1621479.jpg
ISIC_7480243.jpg,ISIC_5170323.jpg
ISIC_7486963.jpg,ISIC_7384382.jpg
ISIC_7495157.jpg,ISIC_9106176.jpg
ISIC_7517491.jpg,ISIC_2402717.jpg
ISIC_7528783.jpg,ISIC_6689310.jpg
ISIC_7537233.jpg,ISIC_8496078.jpg
ISIC_7557922.jpg,ISIC_3141912.jpg
ISIC_7577778.jpg,ISIC_3086575.jpg
ISIC_7607101.jpg,ISIC_7675261.jpg
ISIC_7611972.jpg,ISIC_9622250.jpg
ISIC_7619041.jpg,ISIC_0012547_downsampled.jpg
ISIC_7621067.jpg,ISIC_8572337.jpg
ISIC_7622520.jpg,ISIC_9207895.jpg
ISIC_7623050.jpg,ISIC_3671424.jpg
ISIC_7628257.jpg,ISIC_6270846.jpg
ISIC_7629997.jpg,ISIC_7101810.jpg
ISIC_7631880.jpg,ISIC_5600160.jpg
ISIC_7638633.jpg,ISIC_8530596.jpg
ISIC_7644150.jpg,ISIC_8010113.jpg
ISIC_7648129.jpg,ISIC_5873539.jpg
ISIC_7654562.jpg,ISIC_8951006.jpg
ISIC_7671251.jpg,ISIC_2247168.jpg
ISIC_7675261.jpg,ISIC_7607101.jpg
ISIC_7677876.jpg,ISIC_8428562.jpg
ISIC_7685852.jpg,ISIC_3425831.jpg
ISIC_7696218.jpg,ISIC_8750635.jpg
ISIC_7713545.jpg,ISIC_1388230.jpg
ISIC_7718526.jpg,ISIC_3218501.jpg
ISIC_7733258.jpg,ISIC_7445800.jpg
ISIC_7743266.jpg,ISIC_2526675.jpg
ISIC_7759394.jpg,ISIC_3625016.jpg
ISIC_7787763.jpg,ISIC_4161718.jpg
ISIC_7791770.jpg,ISIC_7365445.jpg
ISIC_7803010.jpg,ISIC_7941047.jpg
ISIC_7811060.jpg,ISIC_5497851.jpg
ISIC_7833008.jpg,ISIC_0014386_downsampled.jpg
ISIC_7834330.jpg,ISIC_6619411.jpg
ISIC_7838687.jpg,ISIC_0254686.jpg
ISIC_7844482.jpg,ISIC_2939330.jpg
ISIC_7861914.jpg,ISIC_0409276.jpg
ISIC_7891771.jpg,ISIC_4801098.jpg
ISIC_7923858.jpg,ISIC_0213336.jpg
ISIC_7928614.jpg,ISIC_9726957.jpg
ISIC_7937250.jpg,ISIC_4127065.jpg
ISIC_7937491.jpg,ISIC_9969907.jpg
ISIC_7941047.jpg,ISIC_7803010.jpg
ISIC_7948595.jpg,ISIC_4695567.jpg
ISIC_7948818.jpg,ISIC_4192466.jpg
ISIC_7949203.jpg,ISIC_6326012.jpg
ISIC_7954289.jpg,ISIC_3911901.jpg
ISIC_7967955.jpg,ISIC_3638162.jpg
ISIC_7969552.jpg,ISIC_9159718.jpg
ISIC_7984646.jpg,ISIC_0680210.jpg
ISIC_7986935.jpg,ISIC_6954577.jpg
ISIC_7991946.jpg,ISIC_2896341.jpg
ISIC_7997886.jpg,ISIC_9462212.jpg
ISIC_8009201.jpg,ISIC_8691891.jpg
ISIC_8010113.jpg,ISIC_7644150.jpg
ISIC_8020166.jpg,ISIC_8933605.jpg
ISIC_8021069.jpg,ISIC_4050462.jpg
ISIC_8022865.jpg,ISIC_2033106.jpg
ISIC_8066993.jpg,ISIC_1370034.jpg
ISIC_8080124.jpg,ISIC_2362404.jpg
ISIC_8080521.jpg,ISIC_3434494.jpg
ISIC_8108340.jpg,ISIC_0196945.jpg
ISIC_8117653.jpg,ISIC_8797277.jpg
ISIC_8118124.jpg,ISIC_3686620.jpg
ISIC_8119091.jpg,ISIC_2072308.jpg
ISIC_8136949.jpg,ISIC_8693637.jpg
ISIC_8148300.jpg,ISIC_8369388.jpg
ISIC_8152273.jpg,ISIC_2365225.jpg
ISIC_8160180.jpg,ISIC_9275899.jpg
ISIC_8170849.jpg,ISIC_1309015.jpg
ISIC_8174968.jpg,ISIC_2377292.jpg
ISIC_8194371.jpg,ISIC_1350659.jpg
ISIC_8195031.jpg,ISIC_0558485.jpg
ISIC_8198814.jpg,ISIC_6721280.jpg
ISIC_8206325.jpg,ISIC_2568374.jpg
ISIC_8236190.jpg,ISIC_9710367.jpg
ISIC_8262759.jpg,ISIC_6284722.jpg
ISIC_8284364.jpg,ISIC_0292158.jpg
ISIC_8285182.jpg,ISIC_5169849.jpg
ISIC_8303710.jpg,ISIC_0789732.jpg
ISIC_8317513.jpg,ISIC_0721819.jpg
ISIC_8325226.jpg,ISIC_0014360_downsampled.jpg
ISIC_8329627.jpg,ISIC_6151153.jpg
ISIC_8333875.jpg,ISIC_5243831.jpg
ISIC_8343285.jpg,ISIC_8401104.jpg
ISIC_8362154.jpg,ISIC_9062432.jpg
ISIC_8362891.jpg,ISIC_3915289.jpg
ISIC_8369388.jpg,ISIC_8148300.jpg
ISIC_8373132.jpg,ISIC_2490481.jpg
ISIC_8375123.jpg,ISIC_5688274.jpg
ISIC_8379578.jpg,ISIC_0754561.jpg
ISIC_8401104.jpg,ISIC_8343285.jpg
ISIC_8407448.jpg,ISIC_4978474.jpg
ISIC_8428562.jpg,ISIC_7677876.jpg
ISIC_8428997.jpg,ISIC_2986014.jpg
ISIC_8446269.jpg,ISIC_6413170.jpg
ISIC_8459547.jpg,ISIC_1767420.jpg
ISIC_8469351.jpg,ISIC_0367225.jpg
ISIC_8470235.jpg,ISIC_2372032.jpg
ISIC_8470398.jpg,ISIC_9587551.jpg
ISIC_8490701.jpg,ISIC_4897895.jpg
ISIC_8496078.jpg,ISIC_7537233.jpg
ISIC_8521950.jpg,ISIC_0079038.jpg
ISIC_8530596.jpg,ISIC_7638633.jpg
ISIC_8546599.jpg,ISIC_2850155.jpg
ISIC_8556150.jpg,ISIC_7307339.jpg
ISIC_8558194.jpg,ISIC_5440360.jpg
ISIC_8559515.jpg,ISIC_5327000.jpg
ISIC_8560381.jpg,ISIC_5501375.jpg
ISIC_8572337.jpg,ISIC_7621067.jpg
ISIC_8577332.jpg,ISIC_1957989.jpg
ISIC_8579259.jpg,ISIC_2412805.jpg
ISIC_8586909.jpg,ISIC_6304412.jpg
ISIC_8603087.jpg,ISIC_9126655.jpg
ISIC_8611845.jpg,ISIC_5941314.jpg
ISIC_8615081.jpg,ISIC_1884038.jpg
ISIC_8629649.jpg,ISIC_5002041.jpg
ISIC_8636706.jpg,ISIC_3591045.jpg
ISIC_8645633.jpg,ISIC_1301591.jpg
ISIC_8646115.jpg,ISIC_4064041.jpg
ISIC_8667588.jpg,ISIC_5644962.jpg
ISIC_8679617.jpg,ISIC_1813445.jpg
ISIC_8686962.jpg,ISIC_1245414.jpg
ISIC_8689583.jpg,ISIC_2074396.jpg
ISIC_8689811.jpg,ISIC_6080436.jpg
ISIC_8691891.jpg,ISIC_8009201.jpg
ISIC_8692556.jpg,ISIC_4327358.jpg
ISIC_8693637.jpg,ISIC_8136949.jpg
ISIC_8704672.jpg,ISIC_4063200.jpg
ISIC_8720514.jpg,ISIC_1595658.jpg
ISIC_8722181.jpg,ISIC_3882374.jpg
ISIC_8732572.jpg,ISIC_0586782.jpg
ISIC_8747435.jpg,ISIC_4343836.jpg
ISIC_8750635.jpg,ISIC_7696218.jpg
ISIC_8755969.jpg,ISIC_5892680.jpg
ISIC_8758359.jpg,ISIC_5299821.jpg
ISIC_8773962.jpg,ISIC_0873114.jpg
ISIC_8776630.jpg,ISIC_4556458.jpg
ISIC_8776686.jpg,ISIC_1642492.jpg
ISIC_8781281.jpg,ISIC_3063649.jpg
ISIC_8787826.jpg,ISIC_6068452.jpg
ISIC_8789373.jpg,ISIC_5468989.jpg
ISIC_8792040.jpg,ISIC_1003703.jpg
ISIC_8797277.jpg,ISIC_8117653.jpg
ISIC_8827615.jpg,ISIC_4226395.jpg
ISIC_8829317.jpg,ISIC_4765961.jpg
ISIC_8841833.jpg,ISIC_6204417.jpg
ISIC_8849520.jpg,ISIC_1200790.jpg
ISIC_8864036.jpg,ISIC_5944524.jpg
ISIC_8866758.jpg,ISIC_7302626.jpg
ISIC_8876993.jpg,ISIC_9053755.jpg
ISIC_8879370.jpg,ISIC_9596146.jpg
ISIC_8889856.jpg,ISIC_9677697.jpg
ISIC_8896474.jpg,ISIC_6174156.jpg
ISIC_8904924.jpg,ISIC_4066707.jpg
ISIC_8913110.jpg,ISIC_3523476.jpg
ISIC_8933605.jpg,ISIC_8020166.jpg
ISIC_8951006.jpg,ISIC_7654562.jpg
ISIC_8952594.jpg,ISIC_2827098.jpg
ISIC_8963367.jpg,ISIC_5010197.jpg
ISIC_8987085.jpg,ISIC_9751079.jpg
ISIC_9005542.jpg,ISIC_0720915.jpg
ISIC_9012331.jpg,ISIC_0723505.jpg
ISIC_9018781.jpg,ISIC_4639468.jpg
ISIC_9022005.jpg,ISIC_0149568.jpg
ISIC_9038898.jpg,ISIC_7079599.jpg
ISIC_9053755.jpg,ISIC_8876993.jpg
ISIC_9055955.jpg,ISIC_3552016.jpg
ISIC_9062432.jpg,ISIC_8362154.jpg
ISIC_9067007.jpg,ISIC_5400342.jpg
ISIC_9071511.jpg,ISIC_4159621.jpg
ISIC_9083443.jpg,ISIC_7319304.jpg
ISIC_9086604.jpg,ISIC_1946709.jpg
ISIC_9104012.jpg,ISIC_3927991.jpg
ISIC_9106176.jpg,ISIC_7495157.jpg
ISIC_9108776.jpg,ISIC_6600424.jpg
ISIC_9125216.jpg,ISIC_0032336.jpg
ISIC_9126655.jpg,ISIC_8603087.jpg
ISIC_9126974.jpg,ISIC_1300006.jpg
ISIC_9132088.jpg,ISIC_3708522.jpg
ISIC_9133072.jpg,ISIC_4590786.jpg
ISIC_9147750.jpg,ISIC_5299786.jpg
ISIC_9159718.jpg,ISIC_7969552.jpg
ISIC_9165411.jpg,ISIC_2792248.jpg
ISIC_9199965.jpg,ISIC_7356589.jpg
ISIC_9207895.jpg,ISIC_7622520.jpg
ISIC_9216956.jpg,ISIC_2885796.jpg
ISIC_9218360.jpg,ISIC_9913406.jpg
ISIC_9275899.jpg,ISIC_8160180.jpg
ISIC_9279540.jpg,ISIC_5667469.jpg
ISIC_9308284.jpg,ISIC_1747417.jpg
ISIC_9325527.jpg,ISIC_1091253.jpg
ISIC_9348399.jpg,ISIC_2853222.jpg
ISIC_9354947.jpg,ISIC_3980006.jpg
ISIC_9361467.jpg,ISIC_0240628.jpg
ISIC_9391954.jpg,ISIC_0370932.jpg
ISIC_9393085.jpg,ISIC_2406262.jpg
ISIC_9403292.jpg,ISIC_0884576.jpg
ISIC_9409255.jpg,ISIC_2718135.jpg
ISIC_9417600.jpg,ISIC_6091609.jpg
ISIC_9432244.jpg,ISIC_9645937.jpg
ISIC_9462212.jpg,ISIC_7997886.jpg
ISIC_9493030.jpg,ISIC_4509525.jpg
ISIC_9494744.jpg,ISIC_1429159.jpg
ISIC_9515321.jpg,ISIC_6363173.jpg
ISIC_9538929.jpg,ISIC_3021496.jpg
ISIC_9540109.jpg,ISIC_2496831.jpg
ISIC_9551410.jpg,ISIC_0786170.jpg
ISIC_9553194.jpg,ISIC_4763017.jpg
ISIC_9555291.jpg,ISIC_7070684.jpg
ISIC_9578094.jpg,ISIC_4608393.jpg
ISIC_9587551.jpg,ISIC_8470398.jpg
ISIC_9590080.jpg,ISIC_6770630.jpg
ISIC_9596146.jpg,ISIC_8879370.jpg
ISIC_9603598.jpg,ISIC_0268703.jpg
ISIC_9618840.jpg,ISIC_0441886.jpg
ISIC_9622250.jpg,ISIC_7611972.jpg
ISIC_9626241.jpg,ISIC_0188415.jpg
ISIC_9639348.jpg,ISIC_3520750.jpg
ISIC_9640245.jpg,ISIC_4344995.jpg
ISIC_9645937.jpg,ISIC_9432244.jpg
ISIC_9651608.jpg,ISIC_1021883.jpg
ISIC_9674173.jpg,ISIC_4870936.jpg
ISIC_9677697.jpg,ISIC_8889856.jpg
ISIC_9687464.jpg,ISIC_4138181.jpg
ISIC_9707207.jpg,ISIC_2906792.jpg
ISIC_9710367.jpg,ISIC_8236190.jpg
ISIC_9726957.jpg,ISIC_7928614.jpg
ISIC_9740764.jpg,ISIC_1020608.jpg
ISIC_9743052.jpg,ISIC_3761071.jpg
ISIC_9750885.jpg,ISIC_1196752.jpg
ISIC_9751079.jpg,ISIC_8987085.jpg
ISIC_9763829.jpg,ISIC_5133804.jpg
ISIC_9787320.jpg,ISIC_3406334.jpg
ISIC_9788955.jpg,ISIC_3583880.jpg
ISIC_9800424.jpg,ISIC_2462485.jpg
ISIC_9847428.jpg,ISIC_7266736.jpg
ISIC_9854376.jpg,ISIC_5778330.jpg
ISIC_9881235.jpg,ISIC_5448850.jpg
ISIC_9910480.jpg,ISIC_5484086.jpg
ISIC_9913406.jpg,ISIC_9218360.jpg
ISIC_9913667.jpg,ISIC_2129639.jpg
ISIC_9917477.jpg,ISIC_2636012.jpg
ISIC_9933282.jpg,ISIC_1979109.jpg
ISIC_9952408.jpg,ISIC_5607452.jpg
ISIC_9967383.jpg,ISIC_2607827.jpg
ISIC_9969907.jpg,ISIC_7937491.jpg
